"symbol","block"
"SPIDR","Block1"
"CEBPD","Block2"
"PRKDC","Block3"
"MCM4","Block3"
"UBE2V2","Block1"
"LOC101929268","Block4"
"SNAI2","Block4"
"SNTG1","Block5"
"PXDNL","Block2"
"PCMTD1","Block1"
"ST18","Block3"
"RB1CC1","Block3"
"NPBWR1","Block4"
"OPRK1","Block1"
"ATP6V1H","Block3"
"RGS20","Block3"
"TCEA1","Block3"
"LYPLA1","Block1"
"MRPL15","Block3"
"SOX17","Block2"
"RP1","Block2"
"TMEM68","Block1"
"TGS1","Block1"
"LYN","Block1"
"RPS20","Block3"
"PLAG1","Block1"
"CHCHD7","Block1"
"SDR16C5","Block1"
"FAM110B","Block4"
"UBXN2B","Block1"
"CYP7A1","Block6"
"SDCBP","Block1"
"NSMAF","Block1"
"TOX","Block4"
"CA8","Block5"
"RAB2A","Block3"
"CHD7","Block1"
"CLVS1","Block3"
"ASPH","Block3"
"NKAIN3","Block4"
"GGH","Block3"
"TTPA","Block5"
"YTHDF3","Block3"
"CYP7B1","Block5"
"ARMC1","Block3"
"MTFR1","Block3"
"PDE7A","Block3"
"DNAJC5B","Block4"
"TRIM55","Block4"
"CRH","Block4"
"RRS1","Block3"
"ADHFE1","Block5"
"MYBL1","Block4"
"VCPIP1","Block1"
"C8orf44-SGK3","Block4"
"C8orf44","Block1"
"SGK3","Block1"
"PTTG3P","Block1"
"MCMDC2","Block1"
"TCF24","Block3"
"COPS5","Block3"
"CSPP1","Block3"
"ARFGEF1","Block1"
"PREX2","Block5"
"C8orf34","Block1"
"SULF1","Block2"
"SLCO5A1","Block1"
"NCOA2","Block2"
"TRAM1","Block1"
"LACTB2-AS1","Block1"
"LACTB2","Block1"
"XKR9","Block6"
"EYA1","Block4"
"MSC-AS1","Block4"
"TRPA1","Block4"
"KCNB2","Block3"
"TERF1","Block2"
"SBSPON","Block6"
"C8orf89","Block5"
"RPL7","Block1"
"RDH10","Block2"
"RDH10-AS1","Block2"
"STAU2-AS1","Block2"
"STAU2","Block1"
"UBE2W","Block3"
"TMEM70","Block1"
"LY96","Block4"
"LOC105375903","Block5"
"JPH1","Block1"
"GDAP1","Block3"
"PI15","Block6"
"CRISPLD1","Block1"
"HNF4G","Block2"
"ZFHX4","Block2"
"PEX2","Block1"
"PKIA-AS1","Block3"
"PKIA","Block3"
"ZC2HC1A","Block3"
"IL7","Block5"
"STMN2","Block4"
"HEY1","Block4"
"LINC01607","Block3"
"LOC101927040","Block3"
"MRPS28","Block3"
"TPD52","Block3"
"ZBTB10","Block3"
"ZNF704","Block6"
"PAG1","Block3"
"FABP5","Block1"
"PMP2","Block3"
"FABP4","Block2"
"IMPA1","Block1"
"SLC10A5","Block2"
"ZFAND1","Block3"
"CHMP4C","Block1"
"SNX16","Block1"
"LINC01419","Block2"
"RALYL","Block1"
"LRRCC1","Block2"
"E2F5","Block4"
"CA13","Block6"
"CA1","Block6"
"CA3","Block6"
"CA3-AS1","Block5"
"CA2","Block5"
"ATP6V0D2","Block3"
"WWP1","Block6"
"RMDN1","Block3"
"CPNE3","Block4"
"CNGB3","Block2"
"MMP16","Block2"
"RIPK2","Block4"
"OSGIN2","Block4"
"NBN","Block4"
"DECR1","Block2"
"CALB1","Block6"
"TMEM64","Block6"
"NECAB1","Block2"
"C8orf88","Block1"
"OTUD6B-AS1","Block6"
"OTUD6B","Block3"
"LRRC69","Block5"
"SLC26A7","Block2"
"RUNX1T1","Block4"
"FLJ46284","Block2"
"TRIQK","Block3"
"RBM12B","Block3"
"RBM12B-AS1","Block4"
"TMEM67","Block4"
"PDP1","Block6"
"MIR378D2","Block3"
"CDH17","Block2"
"GEM","Block1"
"RAD54B","Block3"
"FSBP","Block2"
"ESRP1","Block4"
"DPY19L4","Block3"
"INTS8","Block1"
"CCNE2","Block4"
"NDUFAF6","Block3"
"TP53INP1","Block5"
"MIR3150B","Block6"
"PLEKHF2","Block2"
"GDF6","Block1"
"UQCRB","Block3"
"MTERF3","Block3"
"PTDSS1","Block3"
"SDC2","Block4"
"CPQ","Block5"
"TSPYL5","Block3"
"MTDH","Block5"
"LAPTM4B","Block6"
"MATN2","Block5"
"RPL30","Block3"
"SNORA72","Block4"
"ERICH5","Block6"
"RIDA","Block1"
"POP1","Block5"
"NIPAL2","Block6"
"STK3","Block4"
"KCNS2","Block3"
"OSR2","Block3"
"VPS13B","Block5"
"COX6C","Block1"
"RGS22","Block4"
"FBXO43","Block4"
"POLR2K","Block3"
"SPAG1","Block4"
"RNF19A","Block4"
"ANKRD46","Block1"
"SNX31","Block6"
"PABPC1","Block3"
"YWHAZ","Block3"
"FLJ42969","Block4"
"ZNF706","Block3"
"GRHL2","Block4"
"NCALD","Block2"
"RRM2B","Block4"
"UBR5","Block3"
"KLF10","Block3"
"AZIN1","Block4"
"ATP6V1C1","Block4"
"BAALC-AS2","Block6"
"BAALC","Block3"
"BAALC-AS1","Block3"
"FZD6","Block4"
"CTHRC1","Block3"
"SLC25A32","Block3"
"DCAF13","Block3"
"RIMS2","Block3"
"DPYS","Block5"
"LRP12","Block4"
"ZFPM2","Block5"
"OXR1","Block3"
"ABRA","Block3"
"ANGPT1","Block3"
"RSPO2","Block1"
"EIF3E","Block3"
"EMC2","Block4"
"TMEM74","Block3"
"TRHR","Block1"
"NUDCD1","Block3"
"ENY2","Block3"
"PKHD1L1","Block4"
"EBAG9","Block3"
"SYBU","Block5"
"CSMD3","Block1"
"TRPS1","Block6"
"LINC00536","Block4"
"EIF3H","Block3"
"UTP23","Block3"
"RAD21","Block3"
"RAD21-AS1","Block4"
"SLC30A8","Block5"
"MED30","Block3"
"EXT1","Block5"
"SAMD12","Block6"
"SAMD12-AS1","Block4"
"TNFRSF11B","Block1"
"COLEC10","Block2"
"LOC101927513","Block1"
"MAL2","Block6"
"ENPP2","Block3"
"TAF2","Block4"
"DSCC1","Block3"
"DEPTOR","Block4"
"COL14A1","Block5"
"MRPL13","Block3"
"MTBP","Block3"
"SNTB1","Block2"
"LOC101927543","Block3"
"HAS2","Block4"
"ZHX2","Block5"
"DERL1","Block4"
"TBC1D31","Block3"
"FAM83A","Block5"
"FAM83A-AS1","Block5"
"C8orf76","Block4"
"ZHX1-C8orf76","Block4"
"ZHX1","Block4"
"ATAD2","Block4"
"FBXO32","Block3"
"KLHL38","Block4"
"ANXA13","Block6"
"FAM91A1","Block3"
"FER1L6","Block2"
"FER1L6-AS2","Block6"
"LOC101927588","Block2"
"TMEM65","Block4"
"TRMT12","Block3"
"RNF139","Block2"
"TATDN1","Block3"
"NDUFB9","Block3"
"MTSS1","Block3"
"LINC00964","Block4"
"ZNF572","Block3"
"SQLE","Block4"
"NSMCE2","Block4"
"TRIB1","Block3"
"LINC00861","Block3"
"LOC101927657","Block4"
"LOC105375750","Block3"
"PCAT1","Block2"
"PCAT2","Block2"
"PRNCR1","Block2"
"CASC8","Block1"
"POU5F1B","Block2"
"CCAT2","Block2"
"CASC11","Block3"
"MYC","Block1"
"PVT1","Block1"
"ASAP1","Block3"
"ASAP1-IT2","Block3"
"ADCY8","Block3"
"EFR3A","Block3"
"HHLA1","Block6"
"KCNQ3","Block5"
"TMEM71","Block3"
"PHF20L1","Block3"
"TG","Block5"
"SLA","Block4"
"NDRG1","Block1"
"ST3GAL1","Block5"
"LOC101927822","Block2"
"ZFAT","Block1"
"ZFAT-AS1","Block1"
"NCRNA00250","Block3"
"KHDRBS3","Block3"
"FAM135B","Block4"
"COL22A1","Block4"
"KCNK9","Block6"
"TRAPPC9","Block6"
"CHRAC1","Block3"
"AGO2","Block4"
"PTK2","Block4"
"DENND3","Block5"
"SLC45A4","Block5"
"LINC00051","Block1"
"TSNARE1","Block4"
"ADGRB1","Block4"
"ARC","Block3"
"JRK","Block5"
"PSCA","Block6"
"LY6K","Block3"
"THEM6","Block5"
"SLURP1","Block5"
"LYPD2","Block6"
"LYNX1","Block5"
"LY6D","Block6"
"GML","Block6"
"CYP11B1","Block5"
"GPIHBP1","Block2"
"ZFP41","Block4"
"GLI4","Block4"
"MINCR","Block3"
"ZNF696","Block3"
"TOP1MT","Block3"
"RHPN1-AS1","Block3"
"RHPN1","Block4"
"MAFA-AS1","Block5"
"MAFA","Block3"
"LOC105375800","Block4"
"PUF60","Block4"
"NRBP2","Block5"
"EPPK1","Block6"
"PLEC","Block5"
"PARP10","Block6"
"GRINA","Block4"
"SPATC1","Block2"
"OPLAH","Block5"
"EXOSC4","Block4"
"GPAA1","Block4"
"CYC1","Block4"
"SHARPIN","Block4"
"MAF1","Block4"
"WDR97","Block3"
"HGH1","Block5"
"MROH1","Block5"
"BOP1","Block3"
"SCX","Block2"
"TONSL","Block4"
"KIFC2","Block4"
"FOXH1","Block6"
"PPP1R16A","Block4"
"GPT","Block3"
"MFSD3","Block1"
"RECQL4","Block4"
"LRRC14","Block5"
"LRRC24","Block4"
"C8orf82","Block5"
"ARHGAP39","Block4"
"ZNF34","Block3"
"RPL8","Block3"
"ZNF517","Block1"
"ZNF7","Block4"
"COMMD5","Block4"
"ZNF250","Block3"
"ZNF16","Block4"
"ZNF252P","Block5"
"ZNF252P-AS1","Block3"
"C8orf33","Block1"
